{
    "totalArticles": 3503,
    "articles": [
        {
            "title": "New approach to predict the enzyme activity using AI",
            "description": "Without enzymes, an organism would not be able to survive. It is these biocatalysts that facilitate a whole range of chemical reactions, producing the building blocks of the cells. Enzymes are also used widely in biotechnology and in our households, where they are used in detergents, for example.",
            "content": "Without enzymes, an organism would not be able to survive. It is these biocatalysts that facilitate a whole range of chemical reactions, producing the building blocks of the cells. Enzymes are also used widely in biotechnology and in our households, ... [1715 chars]",
            "url": "https://www.news-medical.net/news/20211020/New-approach-to-predict-the-enzyme-activity-using-AI.aspx",
            "image": "https://d2jx2rerrg6sh3.cloudfront.net/image-handler/picture/2014/7/134984011-620x480.jpg",
            "publishedAt": "2021-10-20 05:44:00Z",
            "source": {
                "name": "News-Medical.net",
                "url": "https://www.news-medical.net"
            }
        },
        {
            "title": "Raptors guard VanVleet says he’s ready to lead by example this season",
            "description": "Toronto Raptors veteran guard Fred VanVleet ready to lead by example this season",
            "content": "Fred VanVleet arrived for the first day of his rookie training camp early, keen to prove he was ready to work.\nHe arrived at 9 a.m. for an 11 a.m. practice only to find Kyle Lowry stretching after a weight workout. He’d been there since 6.\nSix years ... [4473 chars]",
            "url": "https://www.theglobeandmail.com/sports/article-raptors-guard-vanvleet-says-hes-ready-to-lead-by-example-this-season-2/",
            "image": "https://www.theglobeandmail.com/resizer/iXzB3R6colvu8YNI7OYvxG5v_F0=/1200x0/filters:quality(80)/cloudfront-us-east-1.images.arcpublishing.com/tgam/4UCGPY2DSRISNM2DKKV7UY7IEQ.jpg",
            "publishedAt": "2021-10-20 00:07:52Z",
            "source": {
                "name": "The Globe and Mail",
                "url": "https://www.theglobeandmail.com"
            }
        },
        {
            "title": "‘Don’t get spiked’ campaign puts the blame on victims",
            "description": "Another day, another classic example of victim blaming: this time, it’s courtesy of Durham University’s student wellbeing team, which recently launched a campaign against spiked drinks.",
            "content": "Another day, another classic example of victim blaming: this time, it’s courtesy of Durham University’s student wellbeing team, which recently launched a campaign against spiked drinks.\nSo far, so good, you might think – except for one vital componen... [4134 chars]",
            "url": "https://www.independent.ie/opinion/comment/dont-get-spiked-campaign-puts-the-blame-on-victims-40964597.html",
            "image": "https://www.independent.ie/opinion/comment/5eff3/40964596.ece/AUTOCROP/w1240h700/barman%20pouring%20whiskey%20in%20front%20of%20whiskey%20glass%20and%20bottles%20on%20wood%20table",
            "publishedAt": "2021-08-17 23:00:00Z",
            "source": {
                "name": "Independent.ie",
                "url": "https://www.independent.ie"
            }
        },
        {
            "title": "Raptors guard VanVleet says he's ready to lead by example this season",
            "description": "Fred VanVleet arrived for the first day of his rookie training camp early, keen to prove he was ready to work.",
            "content": "Lori Ewing, The Canadian Press\nTORONTO - Fred VanVleet arrived for the first day of his rookie training camp early, keen to prove he was ready to work.\nHe arrived at 9 a.m. for an 11 a.m. practice only to find Kyle Lowry stretching after a weight wor... [4502 chars]",
            "url": "https://www.cp24.com/sports/toronto-raptors-news/raptors-guard-vanvleet-says-he-s-ready-to-lead-by-example-this-season-1.5629584",
            "image": "https://www.cp24.com/polopoly_fs/1.5629591.1634672492!/httpImage/image.jpg_gen/derivatives/landscape_620/image.jpg",
            "publishedAt": "2021-10-29 19:43:03Z",
            "source": {
                "name": "CP24 Toronto",
                "url": "https://www.cp24.com"
            }
        },
        {
            "title": "Raptors guard VanVleet says he's ready to lead by example this season",
            "description": "TORONTO — Fred VanVleet arrived for the first day of his rookie training camp early, keen to prove he was ready to work. He arrived at 9 a.m. for an 11 a.m. practice only to find Kyle Lowry stretching after a weight workout. He'd been there since 6.",
            "content": "TORONTO — Fred VanVleet arrived for the first day of his rookie training camp early, keen to prove he was ready to work. He arrived at 9 a.m. for an 11 a.m. practice only to find Kyle Lowry stretching after a weight workout. He'd been there since 6.\n... [4752 chars]",
            "url": "https://www.baytoday.ca/national-sports/raptors-guard-vanvleet-says-hes-ready-to-lead-by-example-this-season-4530371",
            "image": "https://www.vmcdn.ca/f/files/shared/feeds/cp/2021/10/20211019151024-616f1bcb6b50479efee41bbfjpeg.jpg;w=650;h=433;mode=crop",
            "publishedAt": "2021-10-19T19:30:46Z",
            "source": {
                "name": "BayToday",
                "url": "https://www.baytoday.ca"
            }
        },
        {
            "title": "Raptors guard VanVleet says he's ready to lead by example this season",
            "description": "TORONTO — Fred VanVleet arrived for the first day of his rookie training camp early, keen to prove he was ready to work. He arrived at 9 a.m. for an 11 a.m. practice only to find Kyle Lowry stretching after a weight workout. He'd been there since 6.",
            "content": "TORONTO — Fred VanVleet arrived for the first day of his rookie training camp early, keen to prove he was ready to work. He arrived at 9 a.m. for an 11 a.m. practice only to find Kyle Lowry stretching after a weight workout. He'd been there since 6.\n... [4752 chars]",
            "url": "https://www.elliotlaketoday.com/national-sports/raptors-guard-vanvleet-says-hes-ready-to-lead-by-example-this-season-4530371",
            "image": "https://www.vmcdn.ca/f/files/shared/feeds/cp/2021/10/20211019151024-616f1bcb6b50479efee41bbfjpeg.jpg;w=650;h=433;mode=crop",
            "publishedAt": "2021-10-19T19:30:46Z",
            "source": {
                "name": "ElliotLakeToday.com",
                "url": "https://www.elliotlaketoday.com"
            }
        },
        {
            "title": "Raptors guard VanVleet says he's ready to lead by example this season",
            "description": "TORONTO — Fred VanVleet arrived for the first day of his rookie training camp early, keen to prove he was ready to work. He arrived at 9 a.m. for an 11 a.m. practice only to find Kyle Lowry stretching after a weight workout. He'd been there since 6.",
            "content": "TORONTO — Fred VanVleet arrived for the first day of his rookie training camp early, keen to prove he was ready to work. He arrived at 9 a.m. for an 11 a.m. practice only to find Kyle Lowry stretching after a weight workout. He'd been there since 6.\n... [4752 chars]",
            "url": "https://www.vancouverisawesome.com/national-sports/raptors-guard-vanvleet-says-hes-ready-to-lead-by-example-this-season-4530371",
            "image": "https://www.vmcdn.ca/f/files/shared/feeds/cp/2021/10/20211019151024-616f1bcb6b50479efee41bbfjpeg.jpg;w=650;h=433;mode=crop",
            "publishedAt": "2021-10-19T19:30:46Z",
            "source": {
                "name": "Vancouver Is Awesome",
                "url": "https://www.vancouverisawesome.com"
            }
        },
        {
            "title": "Raptors guard VanVleet says he's ready to lead by example this season",
            "description": "TORONTO — Fred VanVleet arrived for the first day of his rookie training camp early, keen to prove he was ready to work. He arrived at 9 a.m. for an 11 a.m. practice only to find Kyle Lowry stretching after a weight workout. He'd been there since 6.",
            "content": "TORONTO — Fred VanVleet arrived for the first day of his rookie training camp early, keen to prove he was ready to work. He arrived at 9 a.m. for an 11 a.m. practice only to find Kyle Lowry stretching after a weight workout. He'd been there since 6.\n... [4752 chars]",
            "url": "https://www.sootoday.com/national-sports/raptors-guard-vanvleet-says-hes-ready-to-lead-by-example-this-season-4530371",
            "image": "https://www.vmcdn.ca/f/files/shared/feeds/cp/2021/10/20211019151024-616f1bcb6b50479efee41bbfjpeg.jpg;w=650;h=433;mode=crop",
            "publishedAt": "2021-10-19T19:30:46Z",
            "source": {
                "name": "SooToday",
                "url": "https://www.sootoday.com"
            }
        },
        {
            "title": "Raptors guard VanVleet says he's ready to lead by example this season",
            "description": "TORONTO — Fred VanVleet arrived for the first day of his rookie training camp early, keen to prove he was ready to work. He arrived at 9 a.m. for an 11 a.m. practice only to find Kyle Lowry stretching after a weight workout. He'd been there since 6.",
            "content": "TORONTO — Fred VanVleet arrived for the first day of his rookie training camp early, keen to prove he was ready to work. He arrived at 9 a.m. for an 11 a.m. practice only to find Kyle Lowry stretching after a weight workout. He'd been there since 6.\n... [4752 chars]",
            "url": "https://www.guelphtoday.com/national-sports/raptors-guard-vanvleet-says-hes-ready-to-lead-by-example-this-season-4530371",
            "image": "https://www.vmcdn.ca/f/files/shared/feeds/cp/2021/10/20211019151024-616f1bcb6b50479efee41bbfjpeg.jpg;w=650;h=433;mode=crop",
            "publishedAt": "2021-10-19T19:30:46Z",
            "source": {
                "name": "GuelphToday",
                "url": "https://www.guelphtoday.com"
            }
        },
        {
            "title": "The EU wants to lead by example, but we are prepared to take more action if necessary",
            "description": "A lack of ambition means a climate tax will be levied by climate change itself.",
            "content": "news, environment, european union, carbon emissions, border, tariff, adjustment, mechanism, climate change, eu ambassador\nThe evidence is clear. In August, the world's scientists concluded once again that immediate action is needed. Climate change is... [5290 chars]",
            "url": "https://www.canberratimes.com.au/story/7474876/the-eu-wants-to-lead-by-example-but-we-are-prepared-to-take-more-action-if-necessary/",
            "image": "https://www.canberratimes.com.au/images/transform/v1/crop/frm/tPntrWhUbGLyDWYCTv46rt/d3f84c2e-6c45-466b-ac1f-47a061404fa8.jpg/r4_433_5567_3576_w1200_h678_fmax.jpg",
            "publishedAt": "2021-10-19T18:25:00Z",
            "source": {
                "name": "The Canberra Times",
                "url": "https://www.canberratimes.com.au"
            }
        },
        {
            "title": "‘Don’t get spiked’ campaign puts the blame on victims",
            "description": "Another day, another classic example of victim blaming: this time, it’s courtesy of Durham University’s student wellbeing team, which recently launched a campaign against spiked drinks.",
            "content": "Another day, another classic example of victim blaming: this time, it’s courtesy of Durham University’s student wellbeing team, which recently launched a campaign against spiked drinks.\nSo far, so good, you might think – except for one vital componen... [4134 chars]",
            "url": "https://www.independent.ie/opinion/comment/dont-get-spiked-campaign-puts-the-blame-on-victims-41964597.html",
            "image": "https://www.independent.ie/opinion/comment/5eff3/40964596.ece/AUTOCROP/w1240h700/barman%20pouring%20whiskey%20in%20front%20of%20whiskey%20glass%20and%20bottles%20on%20wood%20table",
            "publishedAt": "2021-08-17 23:00:00Z",
            "source": {
                "name": "Independent.ie",
                "url": "https://www.independent.ie"
            }
        }
    ]
}